{
  "precision": 0.757002271006813,
  "recall": 0.6377551020408163,
  "fbeta": 0.6922810661128418
}
